{
  "info": {
    "id": 1,
    "origId": "XMLHttpRequest",
    "name": "XMLHttpRequest",
    "url": "https://xhr.spec.whatwg.org/",
    "catId": "networking"
  },
  "features": [
    "FormData.prototype.append",
    "FormData.prototype.delete",
    "FormData.prototype.get",
    "FormData.prototype.getAll",
    "FormData.prototype.has",
    "FormData.prototype.set",
    "XMLHttpRequest.prototype.abort",
    "XMLHttpRequest.prototype.getAllResponseHeaders",
    "XMLHttpRequest.prototype.getResponseHeader",
    "XMLHttpRequest.prototype.open",
    "XMLHttpRequest.prototype.overrideMimeType",
    "XMLHttpRequest.prototype.send",
    "XMLHttpRequest.prototype.setRequestHeader"
  ]
}