{
  "info": {
    "id": 5,
    "origId": "Console API",
    "name": "Console API",
    "url": "https://console.spec.whatwg.org/",
    "catId": "misc"
  },
  "features": [
    "console.assert",
    "console.clear",
    "console.count",
    "console.debug",
    "console.dir",
    "console.dirxml",
    "console.error",
    "console.group",
    "console.groupCollapsed",
    "console.groupEnd",
    "console.info",
    "console.log",
    "console.markTimeline",
    "console.profile",
    "console.profileEnd",
    "console.table",
    "console.time",
    "console.timeEnd",
    "console.timeline",
    "console.timelineEnd",
    "console.timeStamp",
    "console.trace",
    "console.warn"
  ]
}