{
  "info": {
    "id": 8,
    "origId": "CSS Object Model (CSSOM)",
    "name": "CSS Object Model (CSSOM)",
    "url": "https://drafts.csswg.org/cssom/",
    "catId": "presentation"
  },
  "features": [
    "CSS.escape",
    "Document.prototype.caretPositionFromPoint",
    "Document.prototype.elementFromPoint",
    "Element.prototype.getBoundingClientRect",
    "Element.prototype.getClientRects",
    "Element.prototype.scroll",
    "Element.prototype.scrollBy",
    "Element.prototype.scrollIntoView",
    "Element.prototype.scrollTo",
    "MediaList.prototype.appendMedium",
    "MediaList.prototype.deleteMedium",
    "MediaList.prototype.item",
    "MediaQueryList.prototype.addListener",
    "MediaQueryList.prototype.removeListener",
    "StyleSheetList.prototype.item"
  ]
}