{
  "info": {
    "id": 9,
    "origId": "CSSOM View Module",
    "name": "CSSOM View Module",
    "url": "https://drafts.csswg.org/cssom-view/",
    "catId": "presentation"
  },
  "features": [
    "CaretPosition.prototype.getClientRect",
    "screen.availHeight",
    "screen.availWidth",
    "screen.colorDepth",
    "screen.height",
    "screen.left",
    "screen.pixelDepth",
    "screen.width",
    "window.devicePixelRatio",
    "window.innerHeight",
    "window.innerWidth",
    "window.matchMedia",
    "window.moveBy",
    "window.moveTo",
    "window.outerHeight",
    "window.outerWidth",
    "window.pageXOffset",
    "window.pageYOffset",
    "window.resizeBy",
    "window.resizeTo",
    "window.screen",
    "window.screenX",
    "window.screenY",
    "window.scroll",
    "window.scrollBy",
    "window.scrollTo",
    "window.scrollX",
    "window.scrollY"
  ]
}