{
  "info": {
    "id": 7,
    "origId": "CSS Font Loading Module Level 3",
    "name": "CSS Font Loading (Level 3)",
    "url": "https://drafts.csswg.org/css-font-loading/",
    "catId": "presentation"
  },
  "features": [
    "document.fonts",
    "FontFace.prototype.load",
    "FontFaceSet.prototype.add",
    "FontFaceSet.prototype.check",
    "FontFaceSet.prototype.clear",
    "FontFaceSet.prototype.delete",
    "FontFaceSet.prototype.entries",
    "FontFaceSet.prototype.forEach",
    "FontFaceSet.prototype.has",
    "FontFaceSet.prototype.keys",
    "FontFaceSet.prototype.load",
    "FontFaceSet.prototype.values"
  ]
}