{
  "info": {
    "id": 12,
    "origId": "DOM",
    "name": "DOM",
    "url": "https://dom.spec.whatwg.org/",
    "catId": "core"
  },
  "features": [
    "CharacterData.prototype.appendData",
    "CharacterData.prototype.deleteData",
    "CharacterData.prototype.insertData",
    "CharacterData.prototype.remove",
    "CharacterData.prototype.replaceData",
    "CharacterData.prototype.substringData",
    "CustomEvent.prototype.initCustomEvent",
    "document.characterSet",
    "document.childElementCount",
    "document.children",
    "document.close",
    "document.compatMode",
    "document.contentType",
    "document.firstElementChild",
    "document.inputEncoding",
    "document.lastElementChild",
    "Document.prototype.createAttribute",
    "Document.prototype.createElement",
    "Document.prototype.createProcessingInstruction",
    "Document.prototype.getElementsByClassName",
    "document.scripts",
    "DocumentFragment.prototype.getElementById",
    "DocumentType.prototype.remove",
    "DOMImplementation.prototype.createHTMLDocument",
    "DOMTokenList.prototype.add",
    "DOMTokenList.prototype.contains",
    "DOMTokenList.prototype.item",
    "DOMTokenList.prototype.remove",
    "DOMTokenList.prototype.toggle",
    "Element.prototype.closest",
    "Element.prototype.getElementsByClassName",
    "Element.prototype.matches",
    "Element.prototype.mozMatchesSelector",
    "Element.prototype.webkitMatchesSelector",
    "Element.prototype.remove",
    "window.clearInterval",
    "window.clearTimeout"
  ]
}