{
  "info": {
    "id": 14,
    "origId": "DOM Level 2: Core",
    "name": "DOM Level 2: Core",
    "url": "https://www.w3.org/TR/DOM-Level-2-Core/",
    "catId": "core"
  },
  "features": [
    "document.doctype",
    "document.documentElement",
    "document.domain",
    "document.implementation",
    "Document.prototype.createAttributeNS",
    "Document.prototype.createCDATASection",
    "Document.prototype.createComment",
    "Document.prototype.createDocumentFragment",
    "Document.prototype.createElementNS",
    "Document.prototype.createTextNode",
    "Document.prototype.getElementsByTagNameNS",
    "Document.prototype.importNode",
    "DOMImplementation.prototype.createDocument",
    "DOMImplementation.prototype.createDocumentType",
    "DOMImplementation.prototype.hasFeature",
    "Element.prototype.getAttributeNodeNS",
    "Element.prototype.getAttributeNS",
    "Element.prototype.getElementsByTagNameNS",
    "Element.prototype.hasAttribute",
    "Element.prototype.hasAttributeNS",
    "Element.prototype.hasAttributes",
    "Element.prototype.removeAttributeNS",
    "Element.prototype.setAttributeNodeNS",
    "Element.prototype.setAttributeNS",
    "NamedNodeMap.prototype.getNamedItem",
    "NamedNodeMap.prototype.getNamedItemNS",
    "NamedNodeMap.prototype.item",
    "NamedNodeMap.prototype.removeNamedItem",
    "NamedNodeMap.prototype.removeNamedItemNS",
    "NamedNodeMap.prototype.setNamedItem",
    "NamedNodeMap.prototype.setNamedItemNS"
  ]
}