{
  "info": {
    "id": 17,
    "origId": "DOM Level 2: Style",
    "name": "DOM Level 2: Style",
    "url": "https://www.w3.org/TR/DOM-Level-2-Style/",
    "catId": "core"
  },
  "features": [
    "CSSPrimitiveValue.prototype.getCounterValue",
    "CSSPrimitiveValue.prototype.getFloatValue",
    "CSSPrimitiveValue.prototype.getRectValue",
    "CSSPrimitiveValue.prototype.getRGBColorValue",
    "CSSPrimitiveValue.prototype.getStringValue",
    "CSSPrimitiveValue.prototype.setFloatValue",
    "CSSPrimitiveValue.prototype.setStringValue",
    "CSSRuleList.prototype.item",
    "CSSStyleDeclaration.prototype.getPropertyCSSValue",
    "CSSStyleDeclaration.prototype.getPropertyPriority",
    "CSSStyleDeclaration.prototype.getPropertyValue",
    "CSSStyleDeclaration.prototype.item",
    "CSSStyleDeclaration.prototype.removeProperty",
    "CSSStyleDeclaration.prototype.setProperty",
    "CSSStyleSheet.prototype.deleteRule",
    "CSSStyleSheet.prototype.insertRule",
    "CSSValueList.prototype.item",
    "document.styleSheets",
    "window.getComputedStyle"
  ]
}