{
  "info": {
    "id": 20,
    "origId": "DOM Level 3: XPath",
    "name": "DOM Level 3: XPath",
    "url": "https://www.w3.org/TR/DOM-Level-3-XPath/",
    "catId": "core"
  },
  "features": [
    "Document.prototype.createExpression",
    "Document.prototype.createNSResolver",
    "Document.prototype.evaluate",
    "XPathEvaluator.prototype.createExpression",
    "XPathEvaluator.prototype.createNSResolver",
    "XPathEvaluator.prototype.evaluate",
    "XPathExpression.prototype.evaluate",
    "XPathResult.prototype.iterateNext",
    "XPathResult.prototype.snapshotItem"
  ]
}