{
  "info": {
    "id": 24,
    "origId": "execCommand",
    "name": "execCommand",
    "url": "https://w3c.github.io/editing/execCommand.html",
    "catId": "misc"
  },
  "features": [
    "document.execCommand",
    "document.queryCommandEnabled",
    "document.queryCommandIndeterm",
    "document.queryCommandState",
    "document.queryCommandSupported",
    "document.queryCommandValue",
    "HTMLDocument.prototype.execCommand",
    "HTMLDocument.prototype.queryCommandEnabled",
    "HTMLDocument.prototype.queryCommandIndeterm",
    "HTMLDocument.prototype.queryCommandState",
    "HTMLDocument.prototype.queryCommandSupported",
    "HTMLDocument.prototype.queryCommandValue"
  ]
}