{
  "info": {
    "id": 25,
    "origId": "Encrypted Media Extensions",
    "name": "Encrypted Media Extensions",
    "url": "https://w3c.github.io/encrypted-media/",
    "catId": "media"
  },
  "features": [
    "MediaKeys.prototype.createSession",
    "MediaKeys.prototype.setServerCertificate",
    "MediaKeySession.prototype.close",
    "MediaKeySession.prototype.generateRequest",
    "MediaKeySession.prototype.load",
    "MediaKeySession.prototype.remove",
    "MediaKeySession.prototype.update",
    "MediaKeyStatusMap.prototype.entries",
    "MediaKeyStatusMap.prototype.keys",
    "MediaKeyStatusMap.prototype.values",
    "MediaKeySystemAccess.prototype.createMediaKeys",
    "MediaKeySystemAccess.prototype.getConfiguration",
    "Navigator.prototype.requestMediaKeySystemAccess"
  ]
}