{
  "info": {
    "id": 28,
    "origId": "Fullscreen API",
    "name": "Fullscreen API",
    "url": "https://fullscreen.spec.whatwg.org/",
    "catId": "presentation"
  },
  "features": [
    "document.mozFullScreen",
    "document.mozFullScreenEnabled",
    "document.webkitFullscreenEnabled",
    "document.onmozfullscreenchange",
    "document.onwebkitfullscreenchange",
    "document.onmozfullscreenerror",
    "document.onwebkitfullscreenerror",
    "Document.prototype.mozCancelFullScreen",
    "Document.prototype.webkitCancelFullScreen",
    "Document.prototype.mozExitFullscreen",
    "Document.prototype.webkitExitFullscreen",
    "Document.prototype.exitFullscreen",
    "Element.prototype.mozRequestFullScreen",
    "Element.prototype.webkitRequestFullScreen",
    "Element.prototype.requestFullScreen",
    "window.onmozfullscreenchange",
    "window.onmozfullscreenerror"
  ]
}