{
  "info": {
    "id": 36,
    "origId": "HTML: Plugins",
    "name": "HTML: Plugins",
    "url": "https://html.spec.whatwg.org/multipage/webappapis.html#plugins-2",
    "catId": "misc"
  },
  "features": [
    "document.plugins",
    "MimeTypeArray.prototype.item",
    "MimeTypeArray.prototype.namedItem",
    "navigator.mimeTypes",
    "navigator.plugins",
    "Plugin.prototype.item",
    "Plugin.prototype.namedItem",
    "PluginArray.prototype.item",
    "PluginArray.prototype.namedItem",
    "PluginArray.prototype.refresh"
  ]
}