{
  "info": {
    "id": 42,
    "origId": "HTML 5",
    "name": "HTML 5",
    "url": "https://www.w3.org/TR/html5/",
    "catId": "core"
  },
  "features": [
    "document.defaultView",
    "document.location",
    "document.onafterscriptexecute",
    "document.onbeforescriptexecute",
    "document.preferredStyleSheetSet",
    "document.readyState",
    "HTMLButtonElement.prototype.checkValidity",
    "HTMLButtonElement.prototype.setCustomValidity",
    "HTMLFieldSetElement.prototype.checkValidity",
    "HTMLFieldSetElement.prototype.setCustomValidity",
    "HTMLFormControlsCollection.prototype.item",
    "HTMLFormElement.prototype.checkValidity",
    "HTMLInputElement.prototype.checkValidity",
    "HTMLInputElement.prototype.setCustomValidity",
    "HTMLInputElement.prototype.setRangeText",
    "HTMLInputElement.prototype.setSelectionRange",
    "HTMLInputElement.prototype.stepDown",
    "HTMLInputElement.prototype.stepUp",
    "HTMLMediaElement.prototype.addTextTrack",
    "HTMLMediaElement.prototype.canPlayType",
    "HTMLMediaElement.prototype.fastSeek",
    "HTMLMediaElement.prototype.load",
    "HTMLMediaElement.prototype.mozCaptureStream",
    "HTMLMediaElement.prototype.mozCaptureStreamUntilEnded",
    "HTMLMediaElement.prototype.mozGetMetadata",
    "HTMLMediaElement.prototype.pause",
    "HTMLMediaElement.prototype.play",
    "HTMLMediaElement.prototype.setMediaKeys",
    "HTMLObjectElement.prototype.checkValidity",
    "HTMLObjectElement.prototype.setCustomValidity",
    "HTMLOptionsCollection.prototype.add",
    "HTMLOptionsCollection.prototype.remove",
    "HTMLOutputElement.prototype.checkValidity",
    "HTMLOutputElement.prototype.setCustomValidity",
    "HTMLSelectElement.prototype.checkValidity",
    "HTMLSelectElement.prototype.setCustomValidity",
    "HTMLTextAreaElement.prototype.checkValidity",
    "HTMLTextAreaElement.prototype.setCustomValidity",
    "HTMLTextAreaElement.prototype.setRangeText",
    "HTMLTextAreaElement.prototype.setSelectionRange",
    "OfflineResourceList.prototype.mozAdd",
    "OfflineResourceList.prototype.mozHasItem",
    "OfflineResourceList.prototype.mozItem",
    "OfflineResourceList.prototype.mozRemove",
    "OfflineResourceList.prototype.swapCache",
    "OfflineResourceList.prototype.update",
    "TextTrack.prototype.addCue",
    "TextTrack.prototype.removeCue",
    "TextTrackCueList.prototype.getCueById",
    "TextTrackList.prototype.getTrackById",
    "TimeEvent.prototype.initTimeEvent",
    "window.alert",
    "window.applicationCache",
    "window.atob",
    "window.btoa",
    "window.confirm",
    "window.locationbar",
    "window.menubar",
    "window.personalbar",
    "window.print",
    "window.prompt",
    "window.scrollbars",
    "window.status",
    "window.statusbar",
    "window.toolbar",
    "location.href"
  ]
}
