{
  "info": {
    "id": 48,
    "origId": "MediaStream Recording",
    "name": "MediaStream Recording",
    "url": "https://www.w3.org/TR/mediastream-recording/",
    "catId": "media"
  },
  "features": [
    "MediaRecorder.prototype.pause",
    "MediaRecorder.prototype.requestData",
    "MediaRecorder.prototype.resume",
    "MediaRecorder.prototype.start",
    "MediaRecorder.prototype.stop",
    "webkitMediaStream.prototype.getAudioTracks",
    "webkitMediaStream.prototype.getTracks",
    "webkitMediaStream.prototype.getVideoTracks",
    "webkitMediaStreamTrack.prototype.applyConstraints",
    "webkitMediaStreamTrack.prototype.stop",
    "MediaStream.prototype.getAudioTracks",
    "MediaStream.prototype.getTracks",
    "MediaStream.prototype.getVideoTracks",
    "MediaStreamTrack.prototype.applyConstraints",
    "MediaStreamTrack.prototype.stop"
  ]
}