{
  "info": {
    "id": 49,
    "origId": "Non-Standard",
    "name": "Non-Standard",
    "url": null,
    "catId": "misc"
  },
  "features": [
    "AnonymousContent.prototype.getAttributeForElement",
    "AnonymousContent.prototype.getTextContentForElement",
    "AnonymousContent.prototype.removeAttributeForElement",
    "AnonymousContent.prototype.setAttributeForElement",
    "AnonymousContent.prototype.setTextContentForElement",
    "CommandEvent.prototype.initCommandEvent",
    "document.embeds",
    "Document.prototype.mozSetImageElement",
    "Document.prototype.releaseCapture",
    "DOMCursor.prototype.continue",
    "DOMRequest.prototype.then",
    "Element.prototype.releaseCapture",
    "Element.prototype.setCapture",
    "Event.prototype.getPreventDefault",
    "HTMLDocument.prototype.captureEvents",
    "HTMLDocument.prototype.releaseEvents",
    "HTMLInputElement.prototype.mozIsTextField",
    "HTMLPropertiesCollection.prototype.item",
    "HTMLPropertiesCollection.prototype.namedItem",
    "window.captureEvents",
    "MouseEvent.prototype.initNSMouseEvent",
    "MouseScrollEvent.prototype.initMouseScrollEvent",
    "mozContact.prototype.init",
    "MozPowerManager.prototype.addWakeLockListener",
    "MozPowerManager.prototype.factoryReset",
    "MozPowerManager.prototype.getWakeLockState",
    "MozPowerManager.prototype.powerOff",
    "MozPowerManager.prototype.reboot",
    "MozPowerManager.prototype.removeWakeLockListener",
    "navigator.buildID",
    "navigator.oscpu",
    "Navigator.prototype.javaEnabled",
    "PaintRequestList.prototype.item",
    "screen.availLeft",
    "screen.availTop",
    "screen.top",
    "ScrollAreaEvent.prototype.initScrollAreaEvent",
    "SimpleGestureEvent.prototype.initSimpleGestureEvent",
    "window.content",
    "window.controllers",
    "window.dump",
    "window.external",
    "window.find",
    "window.fullScreen",
    "window.getDefaultComputedStyle",
    "window.mozInnerScreenX",
    "window.mozInnerScreenY",
    "window.mozPaintCount",
    "window.ondrop",
    "window.releaseEvents",
    "window.scrollByLines",
    "window.scrollByPages",
    "window.scrollMaxX",
    "window.scrollMaxY",
    "window.sidebar",
    "window.sizeToContent",
    "window.updateCommands",
    "XSLTProcessor.prototype.clearParameters",
    "XSLTProcessor.prototype.getParameter",
    "XSLTProcessor.prototype.importStylesheet",
    "XSLTProcessor.prototype.removeParameter",
    "XSLTProcessor.prototype.reset",
    "XSLTProcessor.prototype.setParameter",
    "XSLTProcessor.prototype.transformToDocument",
    "XSLTProcessor.prototype.transformToFragment"
  ]
}