{
  "info": {
    "id": 50,
    "origId": "Navigation Timing",
    "name": "Navigation Timing",
    "url": "https://www.w3.org/TR/navigation-timing/",
    "catId": "timing"
  },
  "features": [
    "performance.navigation",
    "performance.navigation.redirectCount",
    "performance.navigation.type",
    "performance.timing",
    "performance.timing.connectEnd",
    "performance.timing.connectStart",
    "performance.timing.domainLookupEnd",
    "performance.timing.domainLookupStart",
    "performance.timing.domComplete",
    "performance.timing.domContentLoadedEventEnd",
    "performance.timing.domContentLoadedEventStart",
    "performance.timing.domInteractive",
    "performance.timing.domLoading",
    "performance.timing.fetchStart",
    "performance.timing.loadEventEnd",
    "performance.timing.loadEventStart",
    "performance.timing.navigationStart",
    "performance.timing.redirectEnd",
    "performance.timing.redirectStart",
    "performance.timing.requestStart",
    "performance.timing.responseEnd",
    "performance.timing.responseStart",
    "performance.timing.unloadEventEnd",
    "performance.timing.unloadEventStart",
    "window.performance"
  ]
}