{
  "info": {
    "id": 52,
    "origId": "Pointer Lock",
    "name": "Pointer Lock",
    "url": "https://w3c.github.io/pointerlock/",
    "catId": "presentation"
  },
  "features": [
    "document.mozPointerLockElement",
    "document.pointerLockElement",
    "document.onmozpointerlockchange",
    "document.onpointerlockchange",
    "document.onmozpointerlockerror",
    "document.onpointerlockerror",
    "Document.prototype.mozExitPointerLock",
    "Document.prototype.exitPointerLock",
    "Element.prototype.mozRequestPointerLock",
    "Element.prototype.requestPointerLock",
    "window.onmozpointerlockchange",
    "window.onmozpointerlockerror"
  ]
}