{
  "info": {
    "id": 60,
    "origId": "Selection API",
    "name": "Selection API",
    "url": "http://w3c.github.io/selection-api/",
    "catId": "presentation"
  },
  "features": [
    "HTMLDocument.prototype.getSelection",
    "Selection.prototype.addRange",
    "Selection.prototype.collapse",
    "Selection.prototype.collapseToEnd",
    "Selection.prototype.collapseToStart",
    "Selection.prototype.containsNode",
    "Selection.prototype.deleteFromDocument",
    "Selection.prototype.extend",
    "Selection.prototype.getRangeAt",
    "Selection.prototype.modify",
    "Selection.prototype.removeAllRanges",
    "Selection.prototype.removeRange",
    "Selection.prototype.selectAllChildren",
    "window.getSelection"
  ]
}