{
  "info": {
    "id": 62,
    "origId": "Screen Orientation API",
    "name": "Screen Orientation API",
    "url": "https://w3c.github.io/screen-orientation/",
    "catId": "hardware",
    "otherLegacyIds": [
        "The Screen Orientation API"
    ]
  },
  "features": [
    "screen.onmozorientationchange",
    "screen.mozOrientation",
    "screen.orientation",
    "Screen.prototype.mozLockOrientation",
    "Screen.prototype.mozUnlockOrientation",
    "ScreenOrientation.prototype.lock",
    "ScreenOrientation.prototype.unlock",
    "window.ondevicemotion",
    "window.ondeviceorientation"
  ]
}
