{
  "info": {
    "id": 71,
    "origId": "Web Cryptography API",
    "name": "Web Cryptography API",
    "url": "https://www.w3.org/TR/WebCryptoAPI/",
    "catId": "misc"
  },
  "features": [
    "Crypto.prototype.getRandomValues",
    "SubtleCrypto.prototype.decrypt",
    "SubtleCrypto.prototype.deriveBits",
    "SubtleCrypto.prototype.deriveKey",
    "SubtleCrypto.prototype.digest",
    "SubtleCrypto.prototype.encrypt",
    "SubtleCrypto.prototype.exportKey",
    "SubtleCrypto.prototype.generateKey",
    "SubtleCrypto.prototype.importKey",
    "SubtleCrypto.prototype.sign",
    "SubtleCrypto.prototype.unwrapKey",
    "SubtleCrypto.prototype.verify",
    "SubtleCrypto.prototype.wrapKey",
    "window.crypto"
  ]
}