{
  "info": {
    "id": 74,
    "origId": "WebGL 2.0",
    "name": "WebGL 2.0",
    "url": "https://www.khronos.org/registry/webgl/specs/latest/2.0/",
    "catId": "graphics"
  },
  "features": [
    "WebGL2RenderingContext.prototype.beginQuery",
    "WebGL2RenderingContext.prototype.beginTransformFeedback",
    "WebGL2RenderingContext.prototype.bindBufferBase",
    "WebGL2RenderingContext.prototype.bindBufferRange",
    "WebGL2RenderingContext.prototype.bindSampler",
    "WebGL2RenderingContext.prototype.bindTransformFeedback ",
    "WebGL2RenderingContext.prototype.bindVertexArray",
    "WebGL2RenderingContext.prototype.blitFramebuffer",
    "WebGL2RenderingContext.prototype.bufferData",
    "WebGL2RenderingContext.prototype.bufferSubData",
    "WebGL2RenderingContext.prototype.clearBufferfi",
    "WebGL2RenderingContext.prototype.clearBufferfv",
    "WebGL2RenderingContext.prototype.clearBufferiv",
    "WebGL2RenderingContext.prototype.clearBufferuiv",
    "WebGL2RenderingContext.prototype.clientWaitSync",
    "WebGL2RenderingContext.prototype.compressedTexImage2D",
    "WebGL2RenderingContext.prototype.compressedTexImage3D",
    "WebGL2RenderingContext.prototype.compressedTexSubImage2D",
    "WebGL2RenderingContext.prototype.compressedTexSubImage3D",
    "WebGL2RenderingContext.prototype.copyBufferSubData",
    "WebGL2RenderingContext.prototype.copyTexSubImage3D",
    "WebGL2RenderingContext.prototype.createQuery",
    "WebGL2RenderingContext.prototype.createSampler",
    "WebGL2RenderingContext.prototype.createTransformFeedback",
    "WebGL2RenderingContext.prototype.createVertexArray",
    "WebGL2RenderingContext.prototype.deleteQuery",
    "WebGL2RenderingContext.prototype.deleteSampler",
    "WebGL2RenderingContext.prototype.deleteSync",
    "WebGL2RenderingContext.prototype.deleteTransformFeedback",
    "WebGL2RenderingContext.prototype.deleteVertexArray",
    "WebGL2RenderingContext.prototype.drawArraysInstanced",
    "WebGL2RenderingContext.prototype.drawBuffers",
    "WebGL2RenderingContext.prototype.drawElementsInstanced",
    "WebGL2RenderingContext.prototype.drawRangeElements",
    "WebGL2RenderingContext.prototype.endQuery",
    "WebGL2RenderingContext.prototype.endTransformFeedback",
    "WebGL2RenderingContext.prototype.fenceSync",
    "WebGL2RenderingContext.prototype.framebufferTextureLayer",
    "WebGL2RenderingContext.prototype.getActiveUniformBlockName",
    "WebGL2RenderingContext.prototype.getActiveUniformBlockParameter",
    "WebGL2RenderingContext.prototype.getActiveUniforms",
    "WebGL2RenderingContext.prototype.getBufferSubData",
    "WebGL2RenderingContext.prototype.getFragDataLocation",
    "WebGL2RenderingContext.prototype.getIndexedParameter",
    "WebGL2RenderingContext.prototype.getInternalformatParameter",
    "WebGL2RenderingContext.prototype.getQuery",
    "WebGL2RenderingContext.prototype.getQueryParameter",
    "WebGL2RenderingContext.prototype.getSamplerParameter",
    "WebGL2RenderingContext.prototype.getSyncParameter",
    "WebGL2RenderingContext.prototype.getTransformFeedbackVarying",
    "WebGL2RenderingContext.prototype.getUniformBlockIndex",
    "WebGL2RenderingContext.prototype.getUniformIndices",
    "WebGL2RenderingContext.prototype.invalidateFramebuffer",
    "WebGL2RenderingContext.prototype.invalidateSubFramebuffer",
    "WebGL2RenderingContext.prototype.isQuery",
    "WebGL2RenderingContext.prototype.isSampler",
    "WebGL2RenderingContext.prototype.isSync",
    "WebGL2RenderingContext.prototype.isTransformFeedback",
    "WebGL2RenderingContext.prototype.isVertexArray",
    "WebGL2RenderingContext.prototype.pauseTransformFeedback",
    "WebGL2RenderingContext.prototype.readBuffer",
    "WebGL2RenderingContext.prototype.readPixels",
    "WebGL2RenderingContext.prototype.renderbufferStorageMultisample",
    "WebGL2RenderingContext.prototype.resumeTransformFeedback",
    "WebGL2RenderingContext.prototype.samplerParameterf",
    "WebGL2RenderingContext.prototype.samplerParameteri",
    "WebGL2RenderingContext.prototype.texImage2D",
    "WebGL2RenderingContext.prototype.texImage3D",
    "WebGL2RenderingContext.prototype.texStorage2D",
    "WebGL2RenderingContext.prototype.texStorage3D",
    "WebGL2RenderingContext.prototype.texSubImage2D",
    "WebGL2RenderingContext.prototype.texSubImage3D",
    "WebGL2RenderingContext.prototype.transformFeedbackVaryings",
    "WebGL2RenderingContext.prototype.uniform1fv",
    "WebGL2RenderingContext.prototype.uniform1iv",
    "WebGL2RenderingContext.prototype.uniform1ui",
    "WebGL2RenderingContext.prototype.uniform1uiv",
    "WebGL2RenderingContext.prototype.uniform2fv",
    "WebGL2RenderingContext.prototype.uniform2iv",
    "WebGL2RenderingContext.prototype.uniform2ui",
    "WebGL2RenderingContext.prototype.uniform2uiv",
    "WebGL2RenderingContext.prototype.uniform3fv",
    "WebGL2RenderingContext.prototype.uniform3iv",
    "WebGL2RenderingContext.prototype.uniform3ui",
    "WebGL2RenderingContext.prototype.uniform3uiv",
    "WebGL2RenderingContext.prototype.uniform4fv",
    "WebGL2RenderingContext.prototype.uniform4iv",
    "WebGL2RenderingContext.prototype.uniform4ui",
    "WebGL2RenderingContext.prototype.uniform4uiv",
    "WebGL2RenderingContext.prototype.uniformBlockBinding",
    "WebGL2RenderingContext.prototype.uniformMatrix2fv",
    "WebGL2RenderingContext.prototype.uniformMatrix2x3fv",
    "WebGL2RenderingContext.prototype.uniformMatrix2x4fv",
    "WebGL2RenderingContext.prototype.uniformMatrix3fv",
    "WebGL2RenderingContext.prototype.uniformMatrix3x2fv",
    "WebGL2RenderingContext.prototype.uniformMatrix3x4fv",
    "WebGL2RenderingContext.prototype.uniformMatrix4fv",
    "WebGL2RenderingContext.prototype.uniformMatrix4x2fv",
    "WebGL2RenderingContext.prototype.uniformMatrix4x3fv",
    "WebGL2RenderingContext.prototype.vertexAttribDivisor",
    "WebGL2RenderingContext.prototype.vertexAttribI4i",
    "WebGL2RenderingContext.prototype.vertexAttribI4iv",
    "WebGL2RenderingContext.prototype.vertexAttribI4ui",
    "WebGL2RenderingContext.prototype.vertexAttribI4uiv",
    "WebGL2RenderingContext.prototype.vertexAttribIPointer",
    "WebGL2RenderingContext.prototype.waitSync"
  ]
}