{
  "info": {
    "id": 75,
    "origId": "Web Speech API",
    "name": "Web Speech API",
    "url": "https://w3c.github.io/speech-api/webspeechapi.html",
    "catId": "media"
  },
  "features": [
    "webkitSpeechRecognition.prototype.start",
    "webkitSpeechRecognition.prototype.stop",
    "webkitSpeechRecognition.prototype.abort",
    "webkitSpeechGrammarList.prototype.item",
    "webkitSpeechGrammarList.prototype.addFromString",
    "webkitSpeechGrammarList.prototype.addFromUri",
    "speechSynthesis.speak",
    "speechSynthesis.cancel",
    "speechSynthesis.pause",
    "speechSynthesis.resume",
    "speechSynthesis.getVoices"
  ]
}
