{
  "info": {
    "id": 77,
    "origId": "WebVR",
    "name": "WebVR",
    "url": "https://w3c.github.io/webvr/spec/1.1/",
    "catId": "media"
  },
  "features": [
    "VRDisplay.prototype.getEyeParameters",
    "VRDisplay.prototype.getFrameData",
    "VRDisplay.prototype.getPose",
    "VRDisplay.prototype.resetPose",
    "VRDisplay.prototype.requestAnimationFrame",
    "VRDisplay.prototype.cancelAnimationFrame",
    "VRDisplay.prototype.requestPresent",
    "VRDisplay.prototype.exitPresent",
    "VRDisplay.prototype.getLayers",
    "VRDisplay.prototype.submitFrame",
    "Navigator.prototype.getVRDisplays"
  ]
}
