{
  "info": {
    "id": 80,
    "origId": "WebRTC 1.0: Real-time Communication Between Browser",
    "name": "WebRTC 1.0: Real-time Communication Between Browser",
    "url": "https://www.w3.org/TR/webrtc/",
    "catId": "networking"
  },
  "features": [
    "DataChannel.prototype.close",
    "DataChannel.prototype.send",
    "mozRTCPeerConnection.generateCertificate",
    "mozRTCPeerConnection.prototype.addIceCandidate",
    "mozRTCPeerConnection.prototype.addStream",
    "mozRTCPeerConnection.prototype.addTrack",
    "mozRTCPeerConnection.prototype.close",
    "mozRTCPeerConnection.prototype.createAnswer",
    "mozRTCPeerConnection.prototype.createDataChannel",
    "mozRTCPeerConnection.prototype.createOffer",
    "mozRTCPeerConnection.prototype.getConfiguration",
    "mozRTCPeerConnection.prototype.getIdentityAssertion",
    "mozRTCPeerConnection.prototype.getLocalStreams",
    "mozRTCPeerConnection.prototype.getReceivers",
    "mozRTCPeerConnection.prototype.getRemoteStreams",
    "mozRTCPeerConnection.prototype.getSenders",
    "mozRTCPeerConnection.prototype.getStats",
    "mozRTCPeerConnection.prototype.getStreamById",
    "mozRTCPeerConnection.prototype.removeStream",
    "mozRTCPeerConnection.prototype.removeTrack",
    "mozRTCPeerConnection.prototype.setIdentityProvider",
    "mozRTCPeerConnection.prototype.setLocalDescription",
    "mozRTCPeerConnection.prototype.setRemoteDescription",
    "mozRTCPeerConnection.prototype.updateIce",
    "webkitRTCPeerConnection.generateCertificate",
    "webkitRTCPeerConnection.prototype.addIceCandidate",
    "webkitRTCPeerConnection.prototype.addStream",
    "webkitRTCPeerConnection.prototype.addTrack",
    "webkitRTCPeerConnection.prototype.close",
    "webkitRTCPeerConnection.prototype.createAnswer",
    "webkitRTCPeerConnection.prototype.createDataChannel",
    "webkitRTCPeerConnection.prototype.createOffer",
    "webkitRTCPeerConnection.prototype.getConfiguration",
    "webkitRTCPeerConnection.prototype.getIdentityAssertion",
    "webkitRTCPeerConnection.prototype.getLocalStreams",
    "webkitRTCPeerConnection.prototype.getReceivers",
    "webkitRTCPeerConnection.prototype.getRemoteStreams",
    "webkitRTCPeerConnection.prototype.getSenders",
    "webkitRTCPeerConnection.prototype.getStats",
    "webkitRTCPeerConnection.prototype.getStreamById",
    "webkitRTCPeerConnection.prototype.removeStream",
    "webkitRTCPeerConnection.prototype.removeTrack",
    "webkitRTCPeerConnection.prototype.setIdentityProvider",
    "webkitRTCPeerConnection.prototype.setLocalDescription",
    "webkitRTCPeerConnection.prototype.setRemoteDescription",
    "webkitRTCPeerConnection.prototype.updateIce",
    "RTCPeerConnection.generateCertificate",
    "RTCPeerConnection.prototype.addIceCandidate",
    "RTCPeerConnection.prototype.addStream",
    "RTCPeerConnection.prototype.addTrack",
    "RTCPeerConnection.prototype.close",
    "RTCPeerConnection.prototype.createAnswer",
    "RTCPeerConnection.prototype.createDataChannel",
    "RTCPeerConnection.prototype.createOffer",
    "RTCPeerConnection.prototype.getConfiguration",
    "RTCPeerConnection.prototype.getIdentityAssertion",
    "RTCPeerConnection.prototype.getLocalStreams",
    "RTCPeerConnection.prototype.getReceivers",
    "RTCPeerConnection.prototype.getRemoteStreams",
    "RTCPeerConnection.prototype.getSenders",
    "RTCPeerConnection.prototype.getStats",
    "RTCPeerConnection.prototype.getStreamById",
    "RTCPeerConnection.prototype.removeStream",
    "RTCPeerConnection.prototype.removeTrack",
    "RTCPeerConnection.prototype.setIdentityProvider",
    "RTCPeerConnection.prototype.setLocalDescription",
    "RTCPeerConnection.prototype.setRemoteDescription",
    "RTCPeerConnection.prototype.updateIce",
    "RTCRtpSender.prototype.replaceTrack",
    "RTCStatsReport.prototype.forEach",
    "RTCStatsReport.prototype.get",
    "RTCStatsReport.prototype.has"
  ]
}